Sample_ID,Genotype
NA24385,*2/*4
HG00673,*1/*10
HG00735,*4/*1
HG00741,*2/*1
HG01071,*41/*4
HG01106,*35/*4
HG01109,*106/*41
HG01175,*41/*41
HG01358,*1/*1
HG01361,*1/*4
HG01928,*1/*1
HG01952,*1/*4
HG01978,*1/*1
HG02055,*1/*1
HG02080,*10/*2
HG02109,*45/*1
HG02148,*1/*2
HG02257,*35/*2
HG02572,*1/*152
HG02622,*46/*17
HG02630,*1/*46
HG02717,*1/*1
HG02723,*2/*17
HG02818,*2/*1
HG02886,*4/*1
HG03098,*2/*29
HG03453,*29/*1
HG03486,*1/*17
HG03492,*2/*41
HG03516,*17/*2
HG03579,*2/*1
NA18906,*17/*125
NA19240,*17/*15
HG00438,*10+*36+*36/*71
NA24631,*49/*10+*36
HG00733,*41/*4+*68
HG01258,*2/*4+*68+*68
HG03540,*17/*2+*2
NA20129,*5/*4+*4
HG00621,*5/*49
HG01243,*5/*1
HG01891,*29/*5
HG02145,*5/*84
NA21309,*29/*5
