arm	sample	total_mapped	on_target	pct_on_target	dup_on_target	pct_dup_on_target	insert_median	insert_mean	insert_sd	depth_locus	depth_CYP2D6	cov_pct_CYP2D6
cohort1	HG00438	31762566	1703469	5.36	911829	53.53	607	609.1	134.4	653.146	988.316	100
cohort1	HG00621	35647100	1635579	4.59	898247	54.92	597	598.8	133.8	396.403	384.439	100
cohort1	HG00673	27009300	1537651	5.69	841377	54.72	589	589.1	132.5	427.526	543.447	100
cohort1	HG00733	37881572	11043403	29.15	10326985	93.51	614	619.4	140.8	570.233	753.961	100
cohort1	HG00735	26322585	7874148	29.91	7216266	91.65	626	631.1	147.2	449.147	582.461	100
cohort1	HG00741	20850096	6200728	29.74	5623152	90.69	642	648.9	148.6	386.491	484.403	100
cohort1	HG01071	25257925	7568094	29.96	6883289	90.95	639	647.0	150.3	470.49	606.04	100
cohort1	HG01106	27595762	8049096	29.17	7342008	91.22	644	653.8	152.9	498.112	651.088	100
cohort1	HG01109	29765049	1528019	5.13	832826	54.50	604	604.1	136.0	457.314	566.08	100
cohort1	HG01175	21451352	6518710	30.39	5937868	91.09	641	649.1	150.5	400.679	502.337	100
cohort1	HG01243	32807198	1595516	4.86	885408	55.49	609	607.6	136.5	372.096	349.651	100
cohort1	HG01258	25132343	7853739	31.25	7150599	91.05	635	643.4	150.8	632.572	826.24	100
cohort1	HG01358	25722246	7772189	30.22	7059033	90.82	655	663.8	151.5	466.398	594.813	100
cohort1	HG01361	25886668	7613706	29.41	6896528	90.58	660	670.1	153.1	483.397	626.505	100
cohort1	HG01891	29994130	8809218	29.37	8058602	91.48	627	632.8	145.9	429.233	433.283	100
cohort1	HG01928	26921641	7947162	29.52	7207577	90.69	634	641.2	146.5	515.01	654.785	100
cohort1	HG01952	32045683	9593532	29.94	8735273	91.05	635	640.1	147.4	597.555	779.554	100
cohort1	HG01978	27791548	8294053	29.84	7556463	91.11	646	653.2	150.1	506.253	648.991	100
cohort1	HG02055	29358755	1565000	5.33	837240	53.50	595	593.1	136.6	472.192	592.256	100
cohort1	HG02080	31590843	1380312	4.37	726146	52.61	626	629.9	141.2	434.187	524.431	100
cohort1	HG02109	27783318	1522618	5.48	830029	54.51	608	608.2	135.6	420.026	532.583	100
cohort1	HG02145	32422134	1561195	4.82	857046	54.90	596	595.1	134.1	368.668	341.218	100
cohort1	HG02148	29746594	8817155	29.64	8037441	91.16	635	642.4	147.5	525.265	664.852	100
cohort1	HG02257	31680158	9316525	29.41	8484338	91.07	633	640.9	146.5	601.817	772.827	100
cohort1	HG02572	29772424	9036819	30.35	8235238	91.13	630	637.0	148.1	521.91	670.155	100
cohort1	HG02622	22986046	6720871	29.24	6143409	91.41	649	656.9	152.6	382.094	488.977	100
cohort1	HG02630	22554737	6587277	29.21	6024273	91.45	660	669.7	154.5	374.908	478.028	100
cohort1	HG02717	23435512	7072412	30.18	6462599	91.38	630	635.7	146.7	402.809	515.126	100
cohort1	HG02723	33085099	1491761	4.51	804896	53.96	611	611.9	137.5	444.379	550.345	100
cohort1	HG02818	19478587	925207	4.75	492753	53.26	599	597.0	135.5	264.417	331.882	100
cohort1	HG02886	28021351	8584068	30.63	7857432	91.54	633	640.3	148.8	459.031	594.905	100
cohort1	HG03098	29881081	1273424	4.26	682548	53.60	607	607.0	137.2	374.234	462.904	100
cohort1	HG03453	32865120	9888924	30.09	9102099	92.04	627	633.1	145.5	522.58	676.436	100
cohort1	HG03486	32796197	1541166	4.70	840993	54.57	607	608.5	136.6	447.766	558.959	100
cohort1	HG03492	10322832	542739	5.26	256950	47.34	658	665.3	152.8	170.368	202.639	100
cohort1	HG03516	2169448	648325	29.88	591112	91.18	635	641.3	153.0	40.3455	53.0158	100
cohort1	HG03540	29212066	9222891	31.57	8469779	91.83	621	625.7	145.9	567.687	828.254	100
cohort1	HG03579	32570948	9941396	30.52	9120114	91.74	628	633.4	149.2	532.429	690.244	100
cohort1	NA18906	28251426	1339816	4.74	707905	52.84	600	601.5	134.4	401.408	503.666	100
cohort1	NA19240	1764169	592596	33.59	242623	40.94	578	577.2	126.5	295.067	362.632	100
cohort1	NA20129	28453905	1402744	4.93	738690	52.66	609	610.0	136.6	415.131	526.15	100
cohort1	NA21309	27058230	1390610	5.14	728357	52.38	612	614.8	136.0	344.522	320.413	100
cohort1	NA24385	29119227	8298229	28.50	7748486	93.38	609	616.3	141.1	359.341	465.2	100
cohort1	NA24631	35966058	10337832	28.74	9650766	93.35	615	624.3	144.4	536.062	783.298	100
cohort2	HG00099	7756636	2265785	29.21	1597614	70.51	632	643.1	167.3	397.276	391.773	100
cohort2	HG00133	16981520	5513546	32.47	4143059	75.14	516	526.8	144.4	927.589	1222.36	100
cohort2	HG00232	19140964	6046848	31.59	4645404	76.82	512	519.9	142.5	1075.74	1402.72	100
cohort2	HG00253	16358327	5433111	33.21	4000378	73.63	518	524.7	144.9	1005.78	1351.48	100
cohort2	HG00280	9737761	2912597	29.91	2045677	70.24	616	626.3	165.5	608.399	771.507	100
cohort2	HG00320	15474461	5166806	33.39	3772556	73.02	582	589.7	157.5	1211.84	1841.18	100
cohort2	HG00350	14182093	4487594	31.64	3285844	73.22	600	609.1	163.1	869.044	1156.28	100
cohort2	HG00408	12078524	3812118	31.56	2710378	71.10	566	575.3	148.9	880.404	1318.91	100
cohort2	HG00423	15902894	5201836	32.71	3769010	72.46	550	558.6	145.3	1114.92	1698.52	100
cohort2	HG00544	9441134	2920949	30.94	1977368	67.70	586	595.6	157.3	751.218	1097	100
cohort2	HG00558	9203039	2806015	30.49	1967669	70.12	604	613.4	155.2	718.306	1047.12	100
cohort2	HG00597	10868046	3547942	32.65	2491429	70.22	602	611.4	160.1	1074.41	1758.35	100
cohort2	HG00609	10234855	3187461	31.14	2257411	70.82	621	630.3	164.0	751.864	1124.9	100
cohort2	HG00639	12981048	3942212	30.37	2930558	74.34	605	613.2	159.6	695.822	906.865	100
cohort2	HG00658	15051637	5153233	34.24	3723146	72.25	534	540.6	146.8	1571.35	2664.71	100
cohort2	HG01123	10263712	3148433	30.68	2183736	69.36	582	592.5	153.4	662.239	846.518	100
cohort2	HG01167	14140906	4482509	31.70	3268614	72.92	532	542.9	146.2	879.629	1153.64	100
cohort2	HG01192	10795687	3289765	30.47	2314430	70.35	576	587.1	152.3	558.017	536.862	100
cohort2	HG01261	14916939	4612474	30.92	3390108	73.50	566	577.1	151.3	695.985	685.119	100
cohort2	HG01496	11375009	3584093	31.51	2514938	70.17	576	587.5	154.7	872.898	1321.96	100
cohort2	HG01530	14873987	4659433	31.33	3413133	73.25	542	553.8	151.4	973.061	1330.27	100
cohort2	HG01784	12344517	4020203	32.57	2754175	68.51	531	539.2	142.7	1124.33	1536.89	100
cohort2	HG01884	18109557	5523787	30.50	4213328	76.28	560	569.9	146.0	923.838	1206.73	100
cohort2	HG01940	20210972	6550649	32.41	5085745	77.64	542	550.6	148.7	1086.8	1459.99	100
cohort2	HG01969	12238208	3790471	30.97	2757184	72.74	611	619.4	165.9	687.054	894.144	100
cohort2	HG01975	18324982	5691671	31.06	4283930	75.27	600	607.3	159.6	1083.81	1460.38	100
cohort2	HG02015	11998336	3786349	31.56	2677781	70.72	560	569.6	144.1	906.522	1362.82	100
cohort2	HG02027	12867156	3996482	31.06	2886389	72.22	576	587.2	154.7	932.512	1359.51	100
cohort2	HG02040	9972461	3476631	34.86	2468462	71.00	638	648.7	170.1	749.437	1170.88	100
cohort2	HG02056	11863130	3817532	32.18	2680225	70.21	542	550.9	145.1	986.028	1571.38	100
cohort2	HG02071	10209439	3260593	31.94	2232731	68.48	573	583.8	154.2	845.858	1244.2	100
cohort2	HG02074	10443458	3237370	31.00	2283207	70.53	633	643.3	171.7	844.817	1328.54	100
cohort2	HG02083	8966406	2757493	30.75	1910788	69.29	628	636.2	163.9	857.74	1401.79	100
cohort2	HG02129	12293046	3939099	32.04	2864415	72.72	575	584.9	154.6	839.771	1216.67	100
cohort2	HG02132	11603354	3507072	30.22	2521225	71.89	613	623.7	164.0	900.9	1417.54	100
cohort2	HG02135	16004468	5394298	33.70	3911648	72.51	527	533.4	142.8	1487.08	2433.66	100
cohort2	HG02155	16295946	5775188	35.44	4247845	73.55	529	533.8	137.7	1632.74	2804.24	100
cohort2	HG02178	16663428	5532135	33.20	4095040	74.02	549	553.8	143.0	1461.6	2346.56	100
cohort2	HG02258	13665143	4441180	32.50	3195808	71.96	549	559.5	153.6	1053.16	1621.77	100
cohort2	HG02300	15871852	4952901	31.21	3654187	73.78	540	545.7	144.1	826.882	838.469	100
cohort2	HG02486	11770906	3627949	30.82	2576079	71.01	569	579.9	153.5	755.106	998.512	100
cohort2	HG02523	9842754	2976864	30.24	2072910	69.63	608	614.7	159.6	541.052	530.78	100
cohort2	HG02559	9421404	2842752	30.17	1962442	69.03	592	602.5	159.0	619.811	789.488	100
cohort2	HG02602	17992270	5824781	32.37	4373508	75.08	511	521.8	141.5	830.476	824.847	100
cohort2	HG02647	17055659	5752451	33.73	4272984	74.28	512	517.2	138.2	1201.35	1891.02	100
cohort2	HG02965	16625036	5442022	32.73	3952277	72.63	524	532.3	147.5	1215.13	1894.62	100
cohort2	HG03017	19698681	6756872	34.30	5255419	77.78	506	517.0	140.7	993.019	1302.03	100
cohort2	HG03139	17575827	5900084	33.57	4418022	74.88	518	527.8	147.3	1181.05	1778.55	100
cohort2	HG03225	14133051	4666335	33.02	3322877	71.21	496	503.2	135.1	772.422	822.185	100
cohort2	HG03239	16024729	5215228	32.54	3781540	72.51	516	523.8	145.2	801.206	806.622	100
cohort2	HG03471	21735905	6989322	32.16	5478117	78.38	513	523.1	143.1	1055.51	1407.83	100
cohort2	HG03654	21031685	6731377	32.01	5141247	76.38	509	518.9	140.4	1184.2	1565.34	100
cohort2	HG03834	18688835	6183286	33.09	4647898	75.17	510	520.4	141.8	1224.61	1920.32	100
cohort2	HG04184	21890090	6974521	31.86	5461632	78.31	510	518.9	143.3	1047.67	1421.49	100
cohort2	HG04228	22418174	7665572	34.19	6069949	79.18	512	520.1	138.8	1107.97	1494.4	100
cohort2	HG06807	18078911	6165965	34.11	4563192	74.01	511	517.2	140.9	1298.29	2031.57	100
cohort2	NA18522	15945491	5125421	32.14	3785203	73.85	555	562.3	147.9	958.496	1274.41	100
cohort2	NA18565	17282044	5764966	33.36	4236873	73.49	516	523.6	144.1	1217.13	1839.86	100
cohort2	NA18747	15348348	5092529	33.18	3754443	73.72	553	559.5	149.5	1097.99	1649.7	100
cohort2	NA18952	18435649	5881185	31.90	4429790	75.32	519	526.9	144.8	1050.15	1365.08	100
cohort2	NA18974	17956498	5897101	32.84	4404033	74.68	512	516.7	136.1	900.387	913.325	100
cohort2	NA18976	14344998	4643746	32.37	3339065	71.90	510	518.7	140.7	1081.7	1627.86	100
cohort2	NA18983	16367574	5389465	32.93	4002739	74.27	530	539.3	144.6	964.957	1302.7	100
cohort2	NA19043	19707681	6323982	32.09	4768749	75.41	525	532.6	142.5	1157.84	1567.43	100
cohort2	NA19087	12249093	3638140	29.70	2620425	72.03	611	621.3	167.0	603.604	597.39	100
cohort2	NA19776	14449085	4633343	32.07	3358282	72.48	588	596.4	155.5	1116.78	1686.76	100
cohort2	NA19909	15268006	4955531	32.46	3594667	72.54	539	548.8	146.6	1158.74	1837.33	100
cohort2	NA20282	20782816	6937786	33.38	5285605	76.19	512	520.8	138.4	1194.97	1640.39	100
cohort2	NA20752	18465699	5969810	32.33	4438517	74.35	511	517.8	137.7	1126.66	1546.59	100
cohort2	NA20805	16477626	5434101	32.98	3995315	73.52	513	519.2	133.4	1251.19	1701.69	100
cohort2	NA20905	16271008	4969060	30.54	3747478	75.42	632	637.2	168.0	877.293	1149.92	100
cohort2	NA21102	20130437	6961082	34.58	5468144	78.55	519	528.7	144.4	977.253	1307.22	100
cohort1_dragen	HG00438	23211478	1695954	7.31	912212	53.79	606	607.3	132.9	648.778	941.318	100
cohort1_dragen	HG00621	26184885	1629826	6.22	897776	55.08	596	597.1	132.3	394.046	368.632	100
cohort1_dragen	HG00673	20220500	1532566	7.58	840773	54.86	588	587.7	131.1	427.315	524.274	100
cohort1_dragen	HG00733	35616965	11034415	30.98	10329017	93.61	614	617.8	138.7	560.149	709.71	100
cohort1_dragen	HG00735	24932651	7855869	31.51	7204783	91.71	626	629.9	146.0	445.655	561.607	100
cohort1_dragen	HG00741	19555470	6189388	31.65	5617512	90.76	641	647.7	147.3	382.226	475.745	100
cohort1_dragen	HG01071	23972979	7552091	31.50	6878755	91.08	638	645.0	148.1	459.187	576.643	100
cohort1_dragen	HG01106	25721778	8031097	31.22	7333214	91.31	644	651.9	150.8	491.868	630.674	100
cohort1_dragen	HG01109	22192861	1521801	6.86	832659	54.72	603	602.6	134.8	453.424	555.54	100
cohort1_dragen	HG01175	20775158	6508514	31.33	5934725	91.18	640	647.6	148.8	389.725	480.511	100
cohort1_dragen	HG01243	24507091	1587763	6.48	884642	55.72	608	606.4	135.6	369.589	340.081	100
cohort1_dragen	HG01258	23881297	7841371	32.83	7148594	91.17	634	640.8	147.5	621.295	771.095	100
cohort1_dragen	HG01358	24306263	7755401	31.91	7051199	90.92	655	662.8	150.7	466.053	590.276	100
cohort1_dragen	HG01361	24219700	7591296	31.34	6886132	90.71	660	668.1	151.1	480.887	613.384	100
cohort1_dragen	HG01891	28382664	8784990	30.95	8047410	91.60	627	631.8	145.2	421.22	419.687	100
cohort1_dragen	HG01928	25312676	7926447	31.31	7196243	90.79	634	640.2	145.7	512.825	648.786	100
cohort1_dragen	HG01952	29901735	9566971	31.99	8720790	91.16	634	638.4	145.8	591.639	755.934	100
cohort1_dragen	HG01978	26233363	8274462	31.54	7546791	91.21	645	651.9	149.0	504.097	641.92	100
cohort1_dragen	HG02055	21894421	1557707	7.11	836545	53.70	594	591.7	135.7	468.933	574.024	100
cohort1_dragen	HG02080	22217492	1372863	6.18	726523	52.92	624	626.9	138.2	429.181	502.539	100
cohort1_dragen	HG02109	20986223	1517323	7.23	830622	54.74	607	607.0	134.7	417.243	517.575	100
cohort1_dragen	HG02145	25535758	1556168	6.09	857463	55.10	595	593.5	132.9	364.05	328.573	100
cohort1_dragen	HG02148	28026254	8793221	31.37	8024895	91.26	635	640.9	146.0	518.178	657.965	100
cohort1_dragen	HG02257	29690905	9299156	31.32	8479288	91.18	632	639.4	145.0	588.796	757.763	100
cohort1_dragen	HG02572	28058105	9010246	32.11	8218962	91.22	628	634.7	145.8	517.436	655.18	100
cohort1_dragen	HG02622	21370207	6712454	31.41	6142664	91.51	648	655.4	151.3	375.982	472.961	100
cohort1_dragen	HG02630	21180756	6570573	31.02	6016299	91.56	659	668.4	153.5	370.109	464.677	100
cohort1_dragen	HG02717	22030742	7055179	32.02	6451467	91.44	629	634.6	146.3	400.619	505.268	100
cohort1_dragen	HG02723	23796297	1484792	6.24	805071	54.22	610	609.6	135.5	438.373	544.039	100
cohort1_dragen	HG02818	14394810	923201	6.41	493347	53.44	598	596.0	135.0	262.62	327.537	100
cohort1_dragen	HG02886	26366184	8567290	32.49	7852710	91.66	632	638.7	147.4	452.667	569.898	100
cohort1_dragen	HG03098	20836187	1268735	6.09	682558	53.80	606	605.1	135.9	371.712	460.905	100
cohort1_dragen	HG03453	30736753	9878765	32.14	9101081	92.13	627	632.4	145.0	517.674	656.716	100
cohort1_dragen	HG03486	23894583	1536249	6.43	841995	54.81	606	606.6	135.3	443.445	547.882	100
cohort1_dragen	HG03492	7987042	539599	6.76	257350	47.69	656	661.7	149.6	168.264	201.093	100
cohort1_dragen	HG03516	2038375	647374	31.76	590861	91.27	634	638.5	150.3	39.4962	50.989	100
cohort1_dragen	HG03540	27420259	9207461	33.58	8463485	91.92	620	623.7	143.8	557.059	818.873	100
cohort1_dragen	HG03579	30692729	9921032	32.32	9113834	91.86	627	632.5	148.6	523.59	669.543	100
cohort1_dragen	NA18906	21067796	1334322	6.33	707865	53.05	599	599.9	133.2	397.876	495.771	100
cohort1_dragen	NA19240	1614553	587621	36.40	242803	41.32	576	574.1	125.0	290.412	355.505	100
cohort1_dragen	NA20129	21449085	1395750	6.51	738479	52.91	608	607.7	135.0	411.701	496.937	100
cohort1_dragen	NA21309	21874234	1385022	6.33	729152	52.65	611	613.2	134.8	341.208	312.849	100
cohort1_dragen	NA24385	27235762	8280272	30.40	7741213	93.49	609	614.5	139.3	351.333	445.832	100
cohort1_dragen	NA24631	33615649	10321412	30.70	9645362	93.45	615	622.6	142.1	530.244	744.622	100
cohort2_dragen	HG00099	7233252	2256189	31.19	1598493	70.85	630	639.9	164.9	391.903	382.617	100
cohort2_dragen	HG00133	16037777	5503883	34.32	4139685	75.21	516	525.7	143.5	930.236	1213.25	100
cohort2_dragen	HG00232	18475950	6036154	32.67	4642285	76.91	511	518.5	141.1	1072.78	1406.06	100
cohort2_dragen	HG00253	15606740	5423648	34.75	3997747	73.71	517	523.6	143.9	1008.72	1340.1	100
cohort2_dragen	HG00280	9128909	2901640	31.79	2047845	70.58	613	621.7	161.2	596.003	757.666	100
cohort2_dragen	HG00320	14523721	5152796	35.48	3775006	73.26	579	585.8	154.1	1193.38	1840.17	100
cohort2_dragen	HG00350	13405604	4474864	33.38	3285116	73.41	598	606.5	161.2	863.685	1140.67	100
cohort2_dragen	HG00408	11397090	3801105	33.35	2708621	71.26	564	572.8	146.1	878.155	1246.49	100
cohort2_dragen	HG00423	14866139	5187844	34.90	3764403	72.56	549	556.6	143.1	1113.93	1610.04	100
cohort2_dragen	HG00544	8793972	2913924	33.14	1978091	67.88	585	593.0	154.8	749.813	1042.65	100
cohort2_dragen	HG00558	8582925	2799719	32.62	1977726	70.64	602	610.5	152.6	712.062	998.586	100
cohort2_dragen	HG00597	10092871	3529622	34.97	2490231	70.55	600	607.1	156.0	1063.56	1661.62	100
cohort2_dragen	HG00609	9633149	3177154	32.98	2259514	71.12	619	626.1	159.9	745.633	1059.86	100
cohort2_dragen	HG00639	12210941	3916385	32.07	2926719	74.73	602	609.3	157.0	685.066	884.649	100
cohort2_dragen	HG00658	14069883	5149085	36.60	3722632	72.30	533	538.9	145.1	1576.22	2530.99	100
cohort2_dragen	HG01123	9596965	3142279	32.74	2186396	69.58	581	590.1	151.3	657.52	837.134	100
cohort2_dragen	HG01167	13420757	4476602	33.36	3268577	73.01	531	541.6	144.8	874.854	1139.74	100
cohort2_dragen	HG01192	10171702	3281030	32.26	2319672	70.70	574	584.4	149.5	549.493	527.478	100
cohort2_dragen	HG01261	14204785	4599966	32.38	3390277	73.70	564	575.4	149.8	690.966	667.559	100
cohort2_dragen	HG01496	10734535	3578081	33.33	2517216	70.35	575	585.4	152.8	868.87	1305.32	100
cohort2_dragen	HG01530	13918398	4649208	33.40	3412295	73.40	541	550.9	148.4	968.105	1291.08	100
cohort2_dragen	HG01784	11539324	4015199	34.80	2753442	68.58	531	537.7	140.9	1124.84	1456.08	100
cohort2_dragen	HG01884	16890758	5514345	32.65	4218317	76.50	559	567.7	144.0	909.957	1173.75	100
cohort2_dragen	HG01940	18969352	6538886	34.47	5083256	77.74	541	548.9	147.5	1086.58	1444.61	100
cohort2_dragen	HG01969	11437092	3780866	33.06	2759537	72.99	609	615.6	162.7	680.034	881.641	100
cohort2_dragen	HG01975	16987179	5669854	33.38	4279772	75.48	598	604.3	157.6	1074.74	1429.49	100
cohort2_dragen	HG02015	11308153	3777728	33.41	2675468	70.82	560	567.9	142.1	906.547	1291.93	100
cohort2_dragen	HG02027	11914810	3985226	33.45	2886590	72.43	574	584.1	151.4	925.137	1309.34	100
cohort2_dragen	HG02040	9287629	3457895	37.23	2470636	71.45	634	642.6	164.3	737.075	1098.23	100
cohort2_dragen	HG02056	11057032	3809558	34.45	2678969	70.32	541	548.8	142.7	984.504	1482.01	100
cohort2_dragen	HG02071	9496469	3249617	34.22	2232362	68.70	572	580.8	151.2	839.163	1199.22	100
cohort2_dragen	HG02074	9663708	3220943	33.33	2284466	70.93	630	637.4	166.0	833.992	1244.21	100
cohort2_dragen	HG02083	8274076	2746100	33.19	1912180	69.63	625	631.6	159.7	849.452	1309.73	100
cohort2_dragen	HG02129	11594463	3926419	33.86	2863538	72.93	573	582.2	152.2	834.707	1165.91	100
cohort2_dragen	HG02132	10639030	3490615	32.81	2520704	72.21	610	619.6	160.0	891.761	1329.57	100
cohort2_dragen	HG02135	15026043	5386973	35.85	3909408	72.57	527	531.8	141.1	1489.51	2301.22	100
cohort2_dragen	HG02155	15385336	5771030	37.51	4246578	73.58	529	532.5	136.3	1639.75	2671.21	100
cohort2_dragen	HG02178	15617466	5523495	35.37	4093112	74.10	548	552.3	141.7	1464.51	2257.24	100
cohort2_dragen	HG02258	13161726	4436424	33.71	3198302	72.09	548	557.1	151.3	1047.54	1605.59	100
cohort2_dragen	HG02300	14662974	4945022	33.72	3653736	73.89	539	544.1	142.9	819.062	831.063	100
cohort2_dragen	HG02486	11085454	3619381	32.65	2577366	71.21	567	578.1	151.9	751.341	980.444	100
cohort2_dragen	HG02523	9288165	2970737	31.98	2073752	69.81	607	612.2	157.8	538.69	528.169	100
cohort2_dragen	HG02559	8791717	2835178	32.25	1963828	69.27	590	599.9	156.6	614.814	778.01	100
cohort2_dragen	HG02602	16805256	5818534	34.62	4374340	75.18	511	520.2	140.0	826.434	831.976	100
cohort2_dragen	HG02647	15960671	5743166	35.98	4271057	74.37	511	515.5	136.7	1201.65	1826.47	100
cohort2_dragen	HG02965	15470904	5428961	35.09	3949211	72.74	522	529.9	145.5	1213.91	1839.24	100
cohort2_dragen	HG03017	18883745	6752764	35.76	5257711	77.86	505	515.2	139.1	989.433	1304.97	100
cohort2_dragen	HG03139	16625917	5892089	35.44	4420045	75.02	517	525.0	144.6	1170.86	1779.18	100
cohort2_dragen	HG03225	13305618	4664151	35.05	3324075	71.27	496	502.3	134.0	774.373	783.004	100
cohort2_dragen	HG03239	15050701	5205259	34.58	3778624	72.59	516	522.6	144.3	801.904	805.42	100
cohort2_dragen	HG03471	20153194	6978365	34.63	5477723	78.50	512	521.1	141.3	1047.27	1394.15	100
cohort2_dragen	HG03654	19607831	6725234	34.30	5143996	76.49	508	516.9	138.5	1173.68	1567.73	100
cohort2_dragen	HG03834	17571893	6174647	35.14	4643886	75.21	510	519.2	140.7	1229.15	1874.66	100
cohort2_dragen	HG04184	20267367	6964226	34.36	5460846	78.41	509	516.8	141.3	1040.9	1371.11	100
cohort2_dragen	HG04228	21618697	7667838	35.47	6077005	79.25	511	519.2	138.0	1111.84	1481.07	100
cohort2_dragen	HG06807	17181259	6155487	35.83	4562685	74.12	510	515.4	139.1	1296.11	1966.92	100
cohort2_dragen	NA18522	15150332	5116817	33.77	3786948	74.01	553	560.6	146.6	953.424	1243	100
cohort2_dragen	NA18565	16175742	5757289	35.59	4234685	73.55	515	522.0	142.2	1221.09	1746.09	100
cohort2_dragen	NA18747	14535475	5086166	34.99	3755103	73.83	552	557.5	147.5	1097.72	1584.8	100
cohort2_dragen	NA18952	17193183	5877389	34.18	4435454	75.47	518	524.8	142.7	1040.37	1374.37	100
cohort2_dragen	NA18974	16955343	5889089	34.73	4403961	74.78	510	515.0	134.6	894.223	914.784	100
cohort2_dragen	NA18976	13470294	4637642	34.43	3343135	72.09	509	517.5	139.5	1085.74	1573.21	100
cohort2_dragen	NA18983	15474714	5381764	34.78	4000395	74.33	530	538.2	143.7	967.269	1286.79	100
cohort2_dragen	NA19043	18697429	6325687	33.83	4777885	75.53	524	531.6	141.8	1150.91	1510.52	100
cohort2_dragen	NA19087	11437277	3629316	31.73	2621148	72.22	609	618.8	165.2	598.113	582.105	100
cohort2_dragen	NA19776	13559479	4617223	34.05	3354399	72.65	586	593.7	153.0	1112.61	1614.41	100
cohort2_dragen	NA19909	14186669	4950154	34.89	3595470	72.63	538	547.4	145.3	1157.77	1762.79	100
cohort2_dragen	NA20282	19676292	6928563	35.21	5286568	76.30	512	519.2	136.7	1188.7	1590.67	100
cohort2_dragen	NA20752	17353754	5964697	34.37	4438063	74.41	510	516.7	136.6	1129.21	1499.33	100
cohort2_dragen	NA20805	15426598	5427878	35.19	3997011	73.64	512	517.4	131.4	1243.63	1617.43	100
cohort2_dragen	NA20905	15439891	4949951	32.06	3744757	75.65	630	634.1	166.0	871.38	1133.44	100
cohort2_dragen	NA21102	19067655	6948742	36.44	5462967	78.62	518	527.4	143.3	978.072	1296.79	100
