cohort,panel_size,iteration,seed,n_test_samples,n_tested_with_gold,n_concordant_v1,n_discordant_v1,concordance_v1,n_concordant_v2,n_discordant_v2,concordance_v2,n_no_call,n_pass,pass_rate
cohort1,5,0,42,39,39,32,7,0.8205128205128205,34,5,0.8717948717948718,0,36,0.9230769230769231
cohort1,5,1,43,39,39,31,8,0.7948717948717948,34,5,0.8717948717948718,0,36,0.9230769230769231
cohort1,5,2,44,39,39,31,8,0.7948717948717948,34,5,0.8717948717948718,0,36,0.9230769230769231
cohort1,5,3,45,39,39,31,8,0.7948717948717948,34,5,0.8717948717948718,0,36,0.9230769230769231
cohort1,5,4,46,39,39,31,8,0.7948717948717948,34,5,0.8717948717948718,0,36,0.9230769230769231
cohort1,5,5,47,39,39,31,8,0.7948717948717948,34,5,0.8717948717948718,0,36,0.9230769230769231
cohort1,5,6,48,39,39,34,5,0.8717948717948718,36,3,0.9230769230769231,0,38,0.9743589743589743
cohort1,5,7,49,39,39,31,8,0.7948717948717948,34,5,0.8717948717948718,0,36,0.9230769230769231
cohort1,5,8,50,39,39,31,8,0.7948717948717948,34,5,0.8717948717948718,0,36,0.9230769230769231
cohort1,5,9,51,39,39,33,6,0.8461538461538461,35,4,0.8974358974358975,0,37,0.9487179487179487
cohort1,5,10,52,39,39,33,6,0.8461538461538461,34,5,0.8717948717948718,0,36,0.9230769230769231
cohort1,5,11,53,39,39,32,7,0.8205128205128205,34,5,0.8717948717948718,0,36,0.9230769230769231
cohort1,5,12,54,39,39,33,6,0.8461538461538461,36,3,0.9230769230769231,0,38,0.9743589743589743
cohort1,5,13,55,39,39,32,7,0.8205128205128205,35,4,0.8974358974358975,0,37,0.9487179487179487
cohort1,5,14,56,39,39,32,7,0.8205128205128205,35,4,0.8974358974358975,0,37,0.9487179487179487
cohort1,5,15,57,39,39,33,6,0.8461538461538461,34,5,0.8717948717948718,0,36,0.9230769230769231
cohort1,5,16,58,39,39,31,8,0.7948717948717948,34,5,0.8717948717948718,0,36,0.9230769230769231
cohort1,5,17,59,39,39,33,6,0.8461538461538461,35,4,0.8974358974358975,0,37,0.9487179487179487
cohort1,5,18,60,39,39,32,7,0.8205128205128205,35,4,0.8974358974358975,0,37,0.9487179487179487
cohort1,5,19,61,39,39,31,8,0.7948717948717948,34,5,0.8717948717948718,0,36,0.9230769230769231
cohort1,5,20,62,39,39,32,7,0.8205128205128205,35,4,0.8974358974358975,0,37,0.9487179487179487
cohort1,5,21,63,39,39,31,8,0.7948717948717948,34,5,0.8717948717948718,0,36,0.9230769230769231
cohort1,5,22,64,39,39,32,7,0.8205128205128205,34,5,0.8717948717948718,0,36,0.9230769230769231
cohort1,5,23,65,39,39,32,7,0.8205128205128205,34,5,0.8717948717948718,0,36,0.9230769230769231
cohort1,5,24,66,39,39,32,7,0.8205128205128205,35,4,0.8974358974358975,0,37,0.9487179487179487
cohort1,5,25,67,39,39,31,8,0.7948717948717948,34,5,0.8717948717948718,0,36,0.9230769230769231
cohort1,5,26,68,39,39,32,7,0.8205128205128205,34,5,0.8717948717948718,0,36,0.9230769230769231
cohort1,5,27,69,39,39,32,7,0.8205128205128205,35,4,0.8974358974358975,0,37,0.9487179487179487
cohort1,5,28,70,39,39,32,7,0.8205128205128205,35,4,0.8974358974358975,0,37,0.9487179487179487
cohort1,5,29,71,39,39,32,7,0.8205128205128205,34,5,0.8717948717948718,0,36,0.9230769230769231
cohort1,10,0,42,34,34,30,4,0.8823529411764706,30,4,0.8823529411764706,0,32,0.9411764705882353
cohort1,10,1,43,34,34,27,7,0.7941176470588235,29,5,0.8529411764705882,0,31,0.9117647058823529
cohort1,10,2,44,34,34,27,7,0.7941176470588235,29,5,0.8529411764705882,0,31,0.9117647058823529
cohort1,10,3,45,34,34,28,6,0.8235294117647058,31,3,0.9117647058823529,0,33,0.9705882352941176
cohort1,10,4,46,34,34,28,6,0.8235294117647058,29,5,0.8529411764705882,0,31,0.9117647058823529
cohort1,10,5,47,34,34,28,6,0.8235294117647058,31,3,0.9117647058823529,0,33,0.9705882352941176
cohort1,10,6,48,34,34,27,7,0.7941176470588235,30,4,0.8823529411764706,0,32,0.9411764705882353
cohort1,10,7,49,34,34,29,5,0.8529411764705882,30,4,0.8823529411764706,0,32,0.9411764705882353
cohort1,10,8,50,34,34,27,7,0.7941176470588235,30,4,0.8823529411764706,0,32,0.9411764705882353
cohort1,10,9,51,34,34,28,6,0.8235294117647058,31,3,0.9117647058823529,0,33,0.9705882352941176
cohort1,10,10,52,34,34,28,6,0.8235294117647058,29,5,0.8529411764705882,0,31,0.9117647058823529
cohort1,10,11,53,34,34,26,8,0.7647058823529411,29,5,0.8529411764705882,0,31,0.9117647058823529
cohort1,10,12,54,34,34,28,6,0.8235294117647058,31,3,0.9117647058823529,0,33,0.9705882352941176
cohort1,10,13,55,34,34,27,7,0.7941176470588235,29,5,0.8529411764705882,0,31,0.9117647058823529
cohort1,10,14,56,34,34,26,8,0.7647058823529411,29,5,0.8529411764705882,0,31,0.9117647058823529
cohort1,10,15,57,34,34,28,6,0.8235294117647058,31,3,0.9117647058823529,0,33,0.9705882352941176
cohort1,10,16,58,34,34,28,6,0.8235294117647058,29,5,0.8529411764705882,0,31,0.9117647058823529
cohort1,10,17,59,34,34,27,7,0.7941176470588235,29,5,0.8529411764705882,0,31,0.9117647058823529
cohort1,10,18,60,34,34,29,5,0.8529411764705882,32,2,0.9411764705882353,0,34,1.0
cohort1,10,19,61,34,34,27,7,0.7941176470588235,30,4,0.8823529411764706,0,32,0.9411764705882353
cohort1,10,20,62,34,34,27,7,0.7941176470588235,29,5,0.8529411764705882,0,31,0.9117647058823529
cohort1,10,21,63,34,34,28,6,0.8235294117647058,30,4,0.8823529411764706,0,32,0.9411764705882353
cohort1,10,22,64,34,34,28,6,0.8235294117647058,31,3,0.9117647058823529,0,33,0.9705882352941176
cohort1,10,23,65,34,34,27,7,0.7941176470588235,29,5,0.8529411764705882,0,31,0.9117647058823529
cohort1,10,24,66,34,34,28,6,0.8235294117647058,31,3,0.9117647058823529,0,33,0.9705882352941176
cohort1,10,25,67,34,34,28,6,0.8235294117647058,31,3,0.9117647058823529,0,33,0.9705882352941176
cohort1,10,26,68,34,34,28,6,0.8235294117647058,31,3,0.9117647058823529,0,33,0.9705882352941176
cohort1,10,27,69,34,34,29,5,0.8529411764705882,31,3,0.9117647058823529,0,33,0.9705882352941176
cohort1,10,28,70,34,34,28,6,0.8235294117647058,30,4,0.8823529411764706,0,32,0.9411764705882353
cohort1,10,29,71,34,34,27,7,0.7941176470588235,30,4,0.8823529411764706,0,32,0.9411764705882353
cohort1,20,0,42,24,24,20,4,0.8333333333333334,20,4,0.8333333333333334,0,22,0.9166666666666666
cohort1,20,1,43,24,24,18,6,0.75,20,4,0.8333333333333334,0,22,0.9166666666666666
cohort1,20,2,44,24,24,20,4,0.8333333333333334,20,4,0.8333333333333334,0,22,0.9166666666666666
cohort1,20,3,45,24,24,20,4,0.8333333333333334,21,3,0.875,0,23,0.9583333333333334
cohort1,20,4,46,24,24,21,3,0.875,22,2,0.9166666666666666,0,24,1.0
cohort1,20,5,47,24,24,22,2,0.9166666666666666,22,2,0.9166666666666666,0,24,1.0
cohort1,20,6,48,24,24,20,4,0.8333333333333334,21,3,0.875,0,23,0.9583333333333334
cohort1,20,7,49,24,24,21,3,0.875,21,3,0.875,0,23,0.9583333333333334
cohort1,20,8,50,24,24,19,5,0.7916666666666666,20,4,0.8333333333333334,0,22,0.9166666666666666
cohort1,20,9,51,24,24,18,6,0.75,21,3,0.875,0,23,0.9583333333333334
cohort1,20,10,52,24,24,19,5,0.7916666666666666,19,5,0.7916666666666666,0,21,0.875
cohort1,20,11,53,24,24,18,6,0.75,20,4,0.8333333333333334,0,22,0.9166666666666666
cohort1,20,12,54,24,24,20,4,0.8333333333333334,21,3,0.875,0,23,0.9583333333333334
cohort1,20,13,55,24,24,18,6,0.75,20,4,0.8333333333333334,0,22,0.9166666666666666
cohort1,20,14,56,24,24,21,3,0.875,22,2,0.9166666666666666,0,24,1.0
cohort1,20,15,57,24,24,19,5,0.7916666666666666,21,3,0.875,0,23,0.9583333333333334
cohort1,20,16,58,24,24,21,3,0.875,21,3,0.875,0,23,0.9583333333333334
cohort1,20,17,59,24,24,18,6,0.75,20,4,0.8333333333333334,0,22,0.9166666666666666
cohort1,20,18,60,24,24,20,4,0.8333333333333334,22,2,0.9166666666666666,0,24,1.0
cohort1,20,19,61,24,24,18,6,0.75,20,4,0.8333333333333334,0,22,0.9166666666666666
cohort1,20,20,62,24,24,20,4,0.8333333333333334,21,3,0.875,0,23,0.9583333333333334
cohort1,20,21,63,24,24,21,3,0.875,22,2,0.9166666666666666,0,24,1.0
cohort1,20,22,64,24,24,19,5,0.7916666666666666,21,3,0.875,0,23,0.9583333333333334
cohort1,20,23,65,24,24,20,4,0.8333333333333334,21,3,0.875,0,23,0.9583333333333334
cohort1,20,24,66,24,24,20,4,0.8333333333333334,21,3,0.875,0,23,0.9583333333333334
cohort1,20,25,67,24,24,19,5,0.7916666666666666,21,3,0.875,0,23,0.9583333333333334
cohort1,20,26,68,24,24,21,3,0.875,22,2,0.9166666666666666,0,24,1.0
cohort1,20,27,69,24,24,19,5,0.7916666666666666,21,3,0.875,0,23,0.9583333333333334
cohort1,20,28,70,24,24,21,3,0.875,22,2,0.9166666666666666,0,24,1.0
cohort1,20,29,71,24,24,19,5,0.7916666666666666,21,3,0.875,0,23,0.9583333333333334
cohort2,5,0,42,67,67,57,9,0.8507462686567164,62,4,0.9253731343283582,1,64,0.9552238805970149
cohort2,5,1,43,67,67,59,8,0.8805970149253731,63,4,0.9402985074626866,0,65,0.9701492537313433
cohort2,5,2,44,67,67,55,11,0.8208955223880597,60,6,0.8955223880597015,1,64,0.9552238805970149
cohort2,5,3,45,67,67,57,9,0.8507462686567164,62,4,0.9253731343283582,1,64,0.9552238805970149
cohort2,5,4,46,67,67,57,10,0.8507462686567164,62,5,0.9253731343283582,0,65,0.9701492537313433
cohort2,5,5,47,67,67,58,8,0.8656716417910447,63,3,0.9402985074626866,1,65,0.9701492537313433
cohort2,5,6,48,67,67,57,9,0.8507462686567164,62,4,0.9253731343283582,1,64,0.9552238805970149
cohort2,5,7,49,67,67,57,9,0.8507462686567164,62,4,0.9253731343283582,1,64,0.9552238805970149
cohort2,5,8,50,67,67,57,9,0.8507462686567164,62,4,0.9253731343283582,1,64,0.9552238805970149
cohort2,5,9,51,67,67,57,9,0.8507462686567164,62,4,0.9253731343283582,1,64,0.9552238805970149
cohort2,5,10,52,67,67,56,11,0.835820895522388,61,6,0.9104477611940298,0,65,0.9701492537313433
cohort2,5,11,53,67,67,58,8,0.8656716417910447,63,3,0.9402985074626866,1,65,0.9701492537313433
cohort2,5,12,54,67,67,58,8,0.8656716417910447,63,3,0.9402985074626866,1,65,0.9701492537313433
cohort2,5,13,55,67,67,57,9,0.8507462686567164,62,4,0.9253731343283582,1,64,0.9552238805970149
cohort2,5,14,56,67,67,56,10,0.835820895522388,60,6,0.8955223880597015,1,64,0.9552238805970149
cohort2,5,15,57,67,67,58,9,0.8656716417910447,63,4,0.9402985074626866,0,65,0.9701492537313433
cohort2,5,16,58,67,67,57,10,0.8507462686567164,62,5,0.9253731343283582,0,65,0.9701492537313433
cohort2,5,17,59,67,67,59,7,0.8805970149253731,64,2,0.9552238805970149,1,65,0.9701492537313433
cohort2,5,18,60,67,67,57,9,0.8507462686567164,62,4,0.9253731343283582,1,64,0.9552238805970149
cohort2,5,19,61,67,67,59,7,0.8805970149253731,63,3,0.9402985074626866,1,64,0.9552238805970149
cohort2,5,20,62,67,67,58,8,0.8656716417910447,63,3,0.9402985074626866,1,64,0.9552238805970149
cohort2,5,21,63,67,67,59,7,0.8805970149253731,64,2,0.9552238805970149,1,65,0.9701492537313433
cohort2,5,22,64,67,67,57,9,0.8507462686567164,62,4,0.9253731343283582,1,64,0.9552238805970149
cohort2,5,23,65,67,67,57,9,0.8507462686567164,61,5,0.9104477611940298,1,64,0.9552238805970149
cohort2,5,24,66,67,67,57,9,0.8507462686567164,61,5,0.9104477611940298,1,64,0.9552238805970149
cohort2,5,25,67,67,67,60,6,0.8955223880597015,64,2,0.9552238805970149,1,65,0.9701492537313433
cohort2,5,26,68,67,67,58,8,0.8656716417910447,63,3,0.9402985074626866,1,65,0.9701492537313433
cohort2,5,27,69,67,67,59,8,0.8805970149253731,63,4,0.9402985074626866,0,65,0.9701492537313433
cohort2,5,28,70,67,67,58,8,0.8656716417910447,63,3,0.9402985074626866,1,65,0.9701492537313433
cohort2,5,29,71,67,67,59,7,0.8805970149253731,63,3,0.9402985074626866,1,64,0.9552238805970149
cohort2,10,0,42,62,62,52,9,0.8387096774193549,57,4,0.9193548387096774,1,59,0.9516129032258065
cohort2,10,1,43,62,62,56,6,0.9032258064516129,59,3,0.9516129032258065,0,61,0.9838709677419355
cohort2,10,2,44,62,62,52,9,0.8387096774193549,57,4,0.9193548387096774,1,59,0.9516129032258065
cohort2,10,3,45,62,62,54,7,0.8709677419354839,58,3,0.9354838709677419,1,59,0.9516129032258065
cohort2,10,4,46,62,62,54,8,0.8709677419354839,58,4,0.9354838709677419,0,60,0.967741935483871
cohort2,10,5,47,62,62,53,8,0.8548387096774194,58,3,0.9354838709677419,1,60,0.967741935483871
cohort2,10,6,48,62,62,53,8,0.8548387096774194,57,4,0.9193548387096774,1,59,0.9516129032258065
cohort2,10,7,49,62,62,53,9,0.8548387096774194,58,4,0.9354838709677419,0,60,0.967741935483871
cohort2,10,8,50,62,62,53,8,0.8548387096774194,58,3,0.9354838709677419,1,59,0.9516129032258065
cohort2,10,9,51,62,62,53,8,0.8548387096774194,57,4,0.9193548387096774,1,59,0.9516129032258065
cohort2,10,10,52,62,62,53,9,0.8548387096774194,58,4,0.9354838709677419,0,60,0.967741935483871
cohort2,10,11,53,62,62,56,5,0.9032258064516129,59,2,0.9516129032258065,1,60,0.967741935483871
cohort2,10,12,54,62,62,53,8,0.8548387096774194,58,3,0.9354838709677419,1,60,0.967741935483871
cohort2,10,13,55,62,62,53,8,0.8548387096774194,57,4,0.9193548387096774,1,59,0.9516129032258065
cohort2,10,14,56,62,62,53,8,0.8548387096774194,58,3,0.9354838709677419,1,59,0.9516129032258065
cohort2,10,15,57,62,62,54,8,0.8709677419354839,59,3,0.9516129032258065,0,60,0.967741935483871
cohort2,10,16,58,62,62,55,7,0.8870967741935484,59,3,0.9516129032258065,0,61,0.9838709677419355
cohort2,10,17,59,62,62,55,6,0.8870967741935484,59,2,0.9516129032258065,1,60,0.967741935483871
cohort2,10,18,60,62,62,55,7,0.8870967741935484,60,2,0.967741935483871,0,61,0.9838709677419355
cohort2,10,19,61,62,62,52,9,0.8387096774193549,57,4,0.9193548387096774,1,59,0.9516129032258065
cohort2,10,20,62,62,62,53,8,0.8548387096774194,58,3,0.9354838709677419,1,60,0.967741935483871
cohort2,10,21,63,62,62,54,7,0.8709677419354839,59,2,0.9516129032258065,1,60,0.967741935483871
cohort2,10,22,64,62,62,52,9,0.8387096774193549,57,4,0.9193548387096774,1,59,0.9516129032258065
cohort2,10,23,65,62,62,55,6,0.8870967741935484,59,2,0.9516129032258065,1,60,0.967741935483871
cohort2,10,24,66,62,62,53,8,0.8548387096774194,58,3,0.9354838709677419,1,60,0.967741935483871
cohort2,10,25,67,62,62,56,5,0.9032258064516129,59,2,0.9516129032258065,1,60,0.967741935483871
cohort2,10,26,68,62,62,52,9,0.8387096774193549,57,4,0.9193548387096774,1,60,0.967741935483871
cohort2,10,27,69,62,62,53,9,0.8548387096774194,58,4,0.9354838709677419,0,60,0.967741935483871
cohort2,10,28,70,62,62,55,6,0.8870967741935484,58,3,0.9354838709677419,1,60,0.967741935483871
cohort2,10,29,71,62,62,52,9,0.8387096774193549,57,4,0.9193548387096774,1,59,0.9516129032258065
cohort2,20,0,42,52,52,46,6,0.8846153846153846,49,3,0.9423076923076923,0,51,0.9807692307692307
cohort2,20,1,43,52,52,46,6,0.8846153846153846,49,3,0.9423076923076923,0,51,0.9807692307692307
cohort2,20,2,44,52,52,43,9,0.8269230769230769,48,4,0.9230769230769231,0,50,0.9615384615384616
cohort2,20,3,45,52,52,44,8,0.8461538461538461,48,4,0.9230769230769231,0,50,0.9615384615384616
cohort2,20,4,46,52,52,45,7,0.8653846153846154,48,4,0.9230769230769231,0,50,0.9615384615384616
cohort2,20,5,47,52,52,45,7,0.8653846153846154,49,3,0.9423076923076923,0,51,0.9807692307692307
cohort2,20,6,48,52,52,44,7,0.8461538461538461,47,4,0.9038461538461539,1,49,0.9423076923076923
cohort2,20,7,49,52,52,46,6,0.8846153846153846,49,3,0.9423076923076923,0,51,0.9807692307692307
cohort2,20,8,50,52,52,45,7,0.8653846153846154,49,3,0.9423076923076923,0,51,0.9807692307692307
cohort2,20,9,51,52,52,44,7,0.8461538461538461,48,3,0.9230769230769231,1,50,0.9615384615384616
cohort2,20,10,52,52,52,44,8,0.8461538461538461,49,3,0.9423076923076923,0,51,0.9807692307692307
cohort2,20,11,53,52,52,47,5,0.9038461538461539,50,2,0.9615384615384616,0,51,0.9807692307692307
cohort2,20,12,54,52,52,46,6,0.8846153846153846,49,3,0.9423076923076923,0,51,0.9807692307692307
cohort2,20,13,55,52,52,44,7,0.8461538461538461,48,3,0.9230769230769231,1,50,0.9615384615384616
cohort2,20,14,56,52,52,43,8,0.8269230769230769,47,4,0.9038461538461539,1,49,0.9423076923076923
cohort2,20,15,57,52,52,44,8,0.8461538461538461,48,4,0.9230769230769231,0,50,0.9615384615384616
cohort2,20,16,58,52,52,46,6,0.8846153846153846,49,3,0.9423076923076923,0,51,0.9807692307692307
cohort2,20,17,59,52,52,44,7,0.8461538461538461,48,3,0.9230769230769231,1,50,0.9615384615384616
cohort2,20,18,60,52,52,46,6,0.8846153846153846,50,2,0.9615384615384616,0,51,0.9807692307692307
cohort2,20,19,61,52,52,42,9,0.8076923076923077,47,4,0.9038461538461539,1,49,0.9423076923076923
cohort2,20,20,62,52,52,47,5,0.9038461538461539,50,2,0.9615384615384616,0,51,0.9807692307692307
cohort2,20,21,63,52,52,44,7,0.8461538461538461,48,3,0.9230769230769231,1,50,0.9615384615384616
cohort2,20,22,64,52,52,46,6,0.8846153846153846,49,3,0.9423076923076923,0,51,0.9807692307692307
cohort2,20,23,65,52,52,45,7,0.8653846153846154,49,3,0.9423076923076923,0,51,0.9807692307692307
cohort2,20,24,66,52,52,44,8,0.8461538461538461,49,3,0.9423076923076923,0,51,0.9807692307692307
cohort2,20,25,67,52,52,47,5,0.9038461538461539,50,2,0.9615384615384616,0,51,0.9807692307692307
cohort2,20,26,68,52,52,46,6,0.8846153846153846,50,2,0.9615384615384616,0,51,0.9807692307692307
cohort2,20,27,69,52,52,46,6,0.8846153846153846,50,2,0.9615384615384616,0,51,0.9807692307692307
cohort2,20,28,70,52,52,46,6,0.8846153846153846,49,3,0.9423076923076923,0,51,0.9807692307692307
cohort2,20,29,71,52,52,46,6,0.8846153846153846,49,3,0.9423076923076923,0,51,0.9807692307692307
cohort1_dragen,5,0,42,39,39,33,6,0.8461538461538461,35,4,0.8974358974358975,0,36,0.9230769230769231
cohort1_dragen,5,1,43,39,39,32,7,0.8205128205128205,35,4,0.8974358974358975,0,36,0.9230769230769231
cohort1_dragen,5,2,44,39,39,32,7,0.8205128205128205,35,4,0.8974358974358975,0,36,0.9230769230769231
cohort1_dragen,5,3,45,39,39,32,7,0.8205128205128205,35,4,0.8974358974358975,0,36,0.9230769230769231
cohort1_dragen,5,4,46,39,39,32,7,0.8205128205128205,35,4,0.8974358974358975,0,36,0.9230769230769231
cohort1_dragen,5,5,47,39,39,32,7,0.8205128205128205,35,4,0.8974358974358975,0,36,0.9230769230769231
cohort1_dragen,5,6,48,39,39,35,4,0.8974358974358975,37,2,0.9487179487179487,0,38,0.9743589743589743
cohort1_dragen,5,7,49,39,39,32,7,0.8205128205128205,35,4,0.8974358974358975,0,36,0.9230769230769231
cohort1_dragen,5,8,50,39,39,32,7,0.8205128205128205,35,4,0.8974358974358975,0,36,0.9230769230769231
cohort1_dragen,5,9,51,39,39,34,5,0.8717948717948718,36,3,0.9230769230769231,0,37,0.9487179487179487
cohort1_dragen,5,10,52,39,39,34,5,0.8717948717948718,35,4,0.8974358974358975,0,36,0.9230769230769231
cohort1_dragen,5,11,53,39,39,33,6,0.8461538461538461,35,4,0.8974358974358975,0,36,0.9230769230769231
cohort1_dragen,5,12,54,39,39,34,5,0.8717948717948718,37,2,0.9487179487179487,0,38,0.9743589743589743
cohort1_dragen,5,13,55,39,39,33,6,0.8461538461538461,36,3,0.9230769230769231,0,37,0.9487179487179487
cohort1_dragen,5,14,56,39,39,33,6,0.8461538461538461,36,3,0.9230769230769231,0,37,0.9487179487179487
cohort1_dragen,5,15,57,39,39,34,5,0.8717948717948718,35,4,0.8974358974358975,0,36,0.9230769230769231
cohort1_dragen,5,16,58,39,39,30,9,0.7692307692307693,33,6,0.8461538461538461,0,36,0.9230769230769231
cohort1_dragen,5,17,59,39,39,34,5,0.8717948717948718,36,3,0.9230769230769231,0,37,0.9487179487179487
cohort1_dragen,5,18,60,39,39,33,6,0.8461538461538461,36,3,0.9230769230769231,0,37,0.9487179487179487
cohort1_dragen,5,19,61,39,39,32,7,0.8205128205128205,35,4,0.8974358974358975,0,36,0.9230769230769231
cohort1_dragen,5,20,62,39,39,33,6,0.8461538461538461,36,3,0.9230769230769231,0,37,0.9487179487179487
cohort1_dragen,5,21,63,39,39,32,7,0.8205128205128205,35,4,0.8974358974358975,0,36,0.9230769230769231
cohort1_dragen,5,22,64,39,39,31,8,0.7948717948717948,33,6,0.8461538461538461,0,36,0.9230769230769231
cohort1_dragen,5,23,65,39,39,33,6,0.8461538461538461,35,4,0.8974358974358975,0,36,0.9230769230769231
cohort1_dragen,5,24,66,39,39,33,6,0.8461538461538461,36,3,0.9230769230769231,0,37,0.9487179487179487
cohort1_dragen,5,25,67,39,39,32,7,0.8205128205128205,35,4,0.8974358974358975,0,36,0.9230769230769231
cohort1_dragen,5,26,68,39,39,33,6,0.8461538461538461,35,4,0.8974358974358975,0,36,0.9230769230769231
cohort1_dragen,5,27,69,39,39,33,6,0.8461538461538461,36,3,0.9230769230769231,0,37,0.9487179487179487
cohort1_dragen,5,28,70,39,39,33,6,0.8461538461538461,36,3,0.9230769230769231,0,37,0.9487179487179487
cohort1_dragen,5,29,71,39,39,33,6,0.8461538461538461,35,4,0.8974358974358975,0,36,0.9230769230769231
cohort1_dragen,10,0,42,34,34,31,3,0.9117647058823529,31,3,0.9117647058823529,0,32,0.9411764705882353
cohort1_dragen,10,1,43,34,34,28,6,0.8235294117647058,30,4,0.8823529411764706,0,31,0.9117647058823529
cohort1_dragen,10,2,44,34,34,28,6,0.8235294117647058,30,4,0.8823529411764706,0,31,0.9117647058823529
cohort1_dragen,10,3,45,34,34,29,5,0.8529411764705882,32,2,0.9411764705882353,0,33,0.9705882352941176
cohort1_dragen,10,4,46,34,34,29,5,0.8529411764705882,30,4,0.8823529411764706,0,31,0.9117647058823529
cohort1_dragen,10,5,47,34,34,29,5,0.8529411764705882,32,2,0.9411764705882353,0,33,0.9705882352941176
cohort1_dragen,10,6,48,34,34,28,6,0.8235294117647058,31,3,0.9117647058823529,0,32,0.9411764705882353
cohort1_dragen,10,7,49,34,34,30,4,0.8823529411764706,31,3,0.9117647058823529,0,32,0.9411764705882353
cohort1_dragen,10,8,50,34,34,28,6,0.8235294117647058,31,3,0.9117647058823529,0,32,0.9411764705882353
cohort1_dragen,10,9,51,34,34,29,5,0.8529411764705882,32,2,0.9411764705882353,0,33,0.9705882352941176
cohort1_dragen,10,10,52,34,34,29,5,0.8529411764705882,30,4,0.8823529411764706,0,31,0.9117647058823529
cohort1_dragen,10,11,53,34,34,27,7,0.7941176470588235,30,4,0.8823529411764706,0,31,0.9117647058823529
cohort1_dragen,10,12,54,34,34,29,5,0.8529411764705882,32,2,0.9411764705882353,0,33,0.9705882352941176
cohort1_dragen,10,13,55,34,34,28,6,0.8235294117647058,30,4,0.8823529411764706,0,31,0.9117647058823529
cohort1_dragen,10,14,56,34,34,27,7,0.7941176470588235,30,4,0.8823529411764706,0,31,0.9117647058823529
cohort1_dragen,10,15,57,34,34,29,5,0.8529411764705882,32,2,0.9411764705882353,0,33,0.9705882352941176
cohort1_dragen,10,16,58,34,34,29,5,0.8529411764705882,30,4,0.8823529411764706,0,31,0.9117647058823529
cohort1_dragen,10,17,59,34,34,28,6,0.8235294117647058,30,4,0.8823529411764706,0,31,0.9117647058823529
cohort1_dragen,10,18,60,34,34,30,4,0.8823529411764706,33,1,0.9705882352941176,0,34,1.0
cohort1_dragen,10,19,61,34,34,28,6,0.8235294117647058,31,3,0.9117647058823529,0,32,0.9411764705882353
cohort1_dragen,10,20,62,34,34,28,6,0.8235294117647058,30,4,0.8823529411764706,0,31,0.9117647058823529
cohort1_dragen,10,21,63,34,34,29,5,0.8529411764705882,31,3,0.9117647058823529,0,32,0.9411764705882353
cohort1_dragen,10,22,64,34,34,29,5,0.8529411764705882,32,2,0.9411764705882353,0,33,0.9705882352941176
cohort1_dragen,10,23,65,34,34,28,6,0.8235294117647058,30,4,0.8823529411764706,0,31,0.9117647058823529
cohort1_dragen,10,24,66,34,34,29,5,0.8529411764705882,32,2,0.9411764705882353,0,33,0.9705882352941176
cohort1_dragen,10,25,67,34,34,29,5,0.8529411764705882,32,2,0.9411764705882353,0,33,0.9705882352941176
cohort1_dragen,10,26,68,34,34,29,5,0.8529411764705882,32,2,0.9411764705882353,0,33,0.9705882352941176
cohort1_dragen,10,27,69,34,34,30,4,0.8823529411764706,32,2,0.9411764705882353,0,33,0.9705882352941176
cohort1_dragen,10,28,70,34,34,29,5,0.8529411764705882,31,3,0.9117647058823529,0,32,0.9411764705882353
cohort1_dragen,10,29,71,34,34,28,6,0.8235294117647058,31,3,0.9117647058823529,0,32,0.9411764705882353
cohort1_dragen,20,0,42,24,24,21,3,0.875,21,3,0.875,0,22,0.9166666666666666
cohort1_dragen,20,1,43,24,24,19,5,0.7916666666666666,21,3,0.875,0,22,0.9166666666666666
cohort1_dragen,20,2,44,24,24,21,3,0.875,21,3,0.875,0,22,0.9166666666666666
cohort1_dragen,20,3,45,24,24,21,3,0.875,22,2,0.9166666666666666,0,23,0.9583333333333334
cohort1_dragen,20,4,46,24,24,22,2,0.9166666666666666,23,1,0.9583333333333334,0,24,1.0
cohort1_dragen,20,5,47,24,24,23,1,0.9583333333333334,23,1,0.9583333333333334,0,24,1.0
cohort1_dragen,20,6,48,24,24,21,3,0.875,22,2,0.9166666666666666,0,23,0.9583333333333334
cohort1_dragen,20,7,49,24,24,22,2,0.9166666666666666,22,2,0.9166666666666666,0,23,0.9583333333333334
cohort1_dragen,20,8,50,24,24,20,4,0.8333333333333334,21,3,0.875,0,22,0.9166666666666666
cohort1_dragen,20,9,51,24,24,19,5,0.7916666666666666,22,2,0.9166666666666666,0,23,0.9583333333333334
cohort1_dragen,20,10,52,24,24,20,4,0.8333333333333334,20,4,0.8333333333333334,0,21,0.875
cohort1_dragen,20,11,53,24,24,19,5,0.7916666666666666,21,3,0.875,0,22,0.9166666666666666
cohort1_dragen,20,12,54,24,24,21,3,0.875,22,2,0.9166666666666666,0,23,0.9583333333333334
cohort1_dragen,20,13,55,24,24,19,5,0.7916666666666666,21,3,0.875,0,22,0.9166666666666666
cohort1_dragen,20,14,56,24,24,22,2,0.9166666666666666,23,1,0.9583333333333334,0,24,1.0
cohort1_dragen,20,15,57,24,24,20,4,0.8333333333333334,22,2,0.9166666666666666,0,23,0.9583333333333334
cohort1_dragen,20,16,58,24,24,22,2,0.9166666666666666,22,2,0.9166666666666666,0,23,0.9583333333333334
cohort1_dragen,20,17,59,24,24,19,5,0.7916666666666666,21,3,0.875,0,22,0.9166666666666666
cohort1_dragen,20,18,60,24,24,21,3,0.875,23,1,0.9583333333333334,0,24,1.0
cohort1_dragen,20,19,61,24,24,19,5,0.7916666666666666,21,3,0.875,0,22,0.9166666666666666
cohort1_dragen,20,20,62,24,24,21,3,0.875,22,2,0.9166666666666666,0,23,0.9583333333333334
cohort1_dragen,20,21,63,24,24,22,2,0.9166666666666666,23,1,0.9583333333333334,0,24,1.0
cohort1_dragen,20,22,64,24,24,20,4,0.8333333333333334,22,2,0.9166666666666666,0,23,0.9583333333333334
cohort1_dragen,20,23,65,24,24,21,3,0.875,22,2,0.9166666666666666,0,23,0.9583333333333334
cohort1_dragen,20,24,66,24,24,21,3,0.875,22,2,0.9166666666666666,0,23,0.9583333333333334
cohort1_dragen,20,25,67,24,24,20,4,0.8333333333333334,22,2,0.9166666666666666,0,23,0.9583333333333334
cohort1_dragen,20,26,68,24,24,22,2,0.9166666666666666,23,1,0.9583333333333334,0,24,1.0
cohort1_dragen,20,27,69,24,24,20,4,0.8333333333333334,22,2,0.9166666666666666,0,23,0.9583333333333334
cohort1_dragen,20,28,70,24,24,22,2,0.9166666666666666,23,1,0.9583333333333334,0,24,1.0
cohort1_dragen,20,29,71,24,24,20,4,0.8333333333333334,22,2,0.9166666666666666,0,23,0.9583333333333334
cohort2_dragen,5,0,42,67,67,56,10,0.835820895522388,61,5,0.9104477611940298,1,64,0.9552238805970149
cohort2_dragen,5,1,43,67,67,59,8,0.8805970149253731,63,4,0.9402985074626866,0,65,0.9701492537313433
cohort2_dragen,5,2,44,67,67,54,12,0.8059701492537313,59,7,0.8805970149253731,1,64,0.9552238805970149
cohort2_dragen,5,3,45,67,67,57,9,0.8507462686567164,62,4,0.9253731343283582,1,64,0.9552238805970149
cohort2_dragen,5,4,46,67,67,56,11,0.835820895522388,61,6,0.9104477611940298,0,65,0.9701492537313433
cohort2_dragen,5,5,47,67,67,57,9,0.8507462686567164,62,4,0.9253731343283582,1,65,0.9701492537313433
cohort2_dragen,5,6,48,67,67,56,10,0.835820895522388,61,5,0.9104477611940298,1,64,0.9552238805970149
cohort2_dragen,5,7,49,67,67,56,10,0.835820895522388,61,5,0.9104477611940298,1,64,0.9552238805970149
cohort2_dragen,5,8,50,67,67,56,10,0.835820895522388,61,5,0.9104477611940298,1,64,0.9552238805970149
cohort2_dragen,5,9,51,67,67,56,10,0.835820895522388,61,5,0.9104477611940298,1,64,0.9552238805970149
cohort2_dragen,5,10,52,67,67,55,12,0.8208955223880597,60,7,0.8955223880597015,0,65,0.9701492537313433
cohort2_dragen,5,11,53,67,67,56,10,0.835820895522388,61,5,0.9104477611940298,1,65,0.9701492537313433
cohort2_dragen,5,12,54,67,67,57,9,0.8507462686567164,62,4,0.9253731343283582,1,65,0.9701492537313433
cohort2_dragen,5,13,55,67,67,56,10,0.835820895522388,61,5,0.9104477611940298,1,64,0.9552238805970149
cohort2_dragen,5,14,56,67,67,53,13,0.7910447761194029,58,8,0.8656716417910447,1,64,0.9552238805970149
cohort2_dragen,5,15,57,67,67,56,11,0.835820895522388,61,6,0.9104477611940298,0,65,0.9701492537313433
cohort2_dragen,5,16,58,67,67,55,12,0.8208955223880597,60,7,0.8955223880597015,0,65,0.9701492537313433
cohort2_dragen,5,17,59,67,67,57,9,0.8507462686567164,62,4,0.9253731343283582,1,65,0.9701492537313433
cohort2_dragen,5,18,60,67,67,56,10,0.835820895522388,61,5,0.9104477611940298,1,64,0.9552238805970149
cohort2_dragen,5,19,61,67,67,58,8,0.8656716417910447,62,4,0.9253731343283582,1,64,0.9552238805970149
cohort2_dragen,5,20,62,67,67,57,9,0.8507462686567164,62,4,0.9253731343283582,1,64,0.9552238805970149
cohort2_dragen,5,21,63,67,67,58,8,0.8656716417910447,63,3,0.9402985074626866,1,65,0.9701492537313433
cohort2_dragen,5,22,64,67,67,56,10,0.835820895522388,61,5,0.9104477611940298,1,64,0.9552238805970149
cohort2_dragen,5,23,65,67,67,55,11,0.8208955223880597,60,6,0.8955223880597015,1,64,0.9552238805970149
cohort2_dragen,5,24,66,67,67,56,10,0.835820895522388,60,6,0.8955223880597015,1,64,0.9552238805970149
cohort2_dragen,5,25,67,67,67,59,7,0.8805970149253731,63,3,0.9402985074626866,1,65,0.9701492537313433
cohort2_dragen,5,26,68,67,67,57,9,0.8507462686567164,62,4,0.9253731343283582,1,65,0.9701492537313433
cohort2_dragen,5,27,69,67,67,59,8,0.8805970149253731,63,4,0.9402985074626866,0,65,0.9701492537313433
cohort2_dragen,5,28,70,67,67,57,9,0.8507462686567164,62,4,0.9253731343283582,1,65,0.9701492537313433
cohort2_dragen,5,29,71,67,67,58,8,0.8656716417910447,62,4,0.9253731343283582,1,64,0.9552238805970149
cohort2_dragen,10,0,42,62,62,51,10,0.8225806451612904,56,5,0.9032258064516129,1,59,0.9516129032258065
cohort2_dragen,10,1,43,62,62,55,7,0.8870967741935484,58,4,0.9354838709677419,0,61,0.9838709677419355
cohort2_dragen,10,2,44,62,62,51,10,0.8225806451612904,56,5,0.9032258064516129,1,59,0.9516129032258065
cohort2_dragen,10,3,45,62,62,53,8,0.8548387096774194,57,4,0.9193548387096774,1,59,0.9516129032258065
cohort2_dragen,10,4,46,62,62,54,8,0.8709677419354839,58,4,0.9354838709677419,0,60,0.967741935483871
cohort2_dragen,10,5,47,62,62,52,9,0.8387096774193549,57,4,0.9193548387096774,1,60,0.967741935483871
cohort2_dragen,10,6,48,62,62,53,8,0.8548387096774194,57,4,0.9193548387096774,1,59,0.9516129032258065
cohort2_dragen,10,7,49,62,62,52,10,0.8387096774193549,57,5,0.9193548387096774,0,60,0.967741935483871
cohort2_dragen,10,8,50,62,62,52,9,0.8387096774193549,57,4,0.9193548387096774,1,59,0.9516129032258065
cohort2_dragen,10,9,51,62,62,52,9,0.8387096774193549,56,5,0.9032258064516129,1,59,0.9516129032258065
cohort2_dragen,10,10,52,62,62,52,10,0.8387096774193549,57,5,0.9193548387096774,0,60,0.967741935483871
cohort2_dragen,10,11,53,62,62,55,6,0.8870967741935484,58,3,0.9354838709677419,1,60,0.967741935483871
cohort2_dragen,10,12,54,62,62,52,9,0.8387096774193549,57,4,0.9193548387096774,1,60,0.967741935483871
cohort2_dragen,10,13,55,62,62,52,9,0.8387096774193549,56,5,0.9032258064516129,1,59,0.9516129032258065
cohort2_dragen,10,14,56,62,62,52,9,0.8387096774193549,57,4,0.9193548387096774,1,59,0.9516129032258065
cohort2_dragen,10,15,57,62,62,53,9,0.8548387096774194,58,4,0.9354838709677419,0,60,0.967741935483871
cohort2_dragen,10,16,58,62,62,54,8,0.8709677419354839,58,4,0.9354838709677419,0,61,0.9838709677419355
cohort2_dragen,10,17,59,62,62,54,7,0.8709677419354839,58,3,0.9354838709677419,1,60,0.967741935483871
cohort2_dragen,10,18,60,62,62,54,8,0.8709677419354839,59,3,0.9516129032258065,0,61,0.9838709677419355
cohort2_dragen,10,19,61,62,62,51,10,0.8225806451612904,56,5,0.9032258064516129,1,59,0.9516129032258065
cohort2_dragen,10,20,62,62,62,52,9,0.8387096774193549,57,4,0.9193548387096774,1,60,0.967741935483871
cohort2_dragen,10,21,63,62,62,53,8,0.8548387096774194,58,3,0.9354838709677419,1,60,0.967741935483871
cohort2_dragen,10,22,64,62,62,51,10,0.8225806451612904,56,5,0.9032258064516129,1,59,0.9516129032258065
cohort2_dragen,10,23,65,62,62,54,7,0.8709677419354839,58,3,0.9354838709677419,1,60,0.967741935483871
cohort2_dragen,10,24,66,62,62,52,9,0.8387096774193549,57,4,0.9193548387096774,1,60,0.967741935483871
cohort2_dragen,10,25,67,62,62,55,6,0.8870967741935484,58,3,0.9354838709677419,1,60,0.967741935483871
cohort2_dragen,10,26,68,62,62,51,10,0.8225806451612904,56,5,0.9032258064516129,1,60,0.967741935483871
cohort2_dragen,10,27,69,62,62,52,10,0.8387096774193549,57,5,0.9193548387096774,0,60,0.967741935483871
cohort2_dragen,10,28,70,62,62,54,7,0.8709677419354839,57,4,0.9193548387096774,1,60,0.967741935483871
cohort2_dragen,10,29,71,62,62,51,10,0.8225806451612904,56,5,0.9032258064516129,1,59,0.9516129032258065
cohort2_dragen,20,0,42,52,52,45,7,0.8653846153846154,48,4,0.9230769230769231,0,51,0.9807692307692307
cohort2_dragen,20,1,43,52,52,45,7,0.8653846153846154,48,4,0.9230769230769231,0,51,0.9807692307692307
cohort2_dragen,20,2,44,52,52,42,10,0.8076923076923077,47,5,0.9038461538461539,0,50,0.9615384615384616
cohort2_dragen,20,3,45,52,52,43,9,0.8269230769230769,47,5,0.9038461538461539,0,50,0.9615384615384616
cohort2_dragen,20,4,46,52,52,44,8,0.8461538461538461,47,5,0.9038461538461539,0,50,0.9615384615384616
cohort2_dragen,20,5,47,52,52,44,8,0.8461538461538461,48,4,0.9230769230769231,0,51,0.9807692307692307
cohort2_dragen,20,6,48,52,52,43,8,0.8269230769230769,46,5,0.8846153846153846,1,49,0.9423076923076923
cohort2_dragen,20,7,49,52,52,46,6,0.8846153846153846,49,3,0.9423076923076923,0,51,0.9807692307692307
cohort2_dragen,20,8,50,52,52,45,7,0.8653846153846154,49,3,0.9423076923076923,0,51,0.9807692307692307
cohort2_dragen,20,9,51,52,52,43,8,0.8269230769230769,47,4,0.9038461538461539,1,50,0.9615384615384616
cohort2_dragen,20,10,52,52,52,43,9,0.8269230769230769,48,4,0.9230769230769231,0,51,0.9807692307692307
cohort2_dragen,20,11,53,52,52,46,6,0.8846153846153846,49,3,0.9423076923076923,0,51,0.9807692307692307
cohort2_dragen,20,12,54,52,52,45,7,0.8653846153846154,48,4,0.9230769230769231,0,51,0.9807692307692307
cohort2_dragen,20,13,55,52,52,43,8,0.8269230769230769,47,4,0.9038461538461539,1,50,0.9615384615384616
cohort2_dragen,20,14,56,52,52,42,9,0.8076923076923077,46,5,0.8846153846153846,1,49,0.9423076923076923
cohort2_dragen,20,15,57,52,52,43,9,0.8269230769230769,47,5,0.9038461538461539,0,50,0.9615384615384616
cohort2_dragen,20,16,58,52,52,45,7,0.8653846153846154,48,4,0.9230769230769231,0,51,0.9807692307692307
cohort2_dragen,20,17,59,52,52,43,8,0.8269230769230769,47,4,0.9038461538461539,1,50,0.9615384615384616
cohort2_dragen,20,18,60,52,52,45,7,0.8653846153846154,49,3,0.9423076923076923,0,51,0.9807692307692307
cohort2_dragen,20,19,61,52,52,41,10,0.7884615384615384,46,5,0.8846153846153846,1,49,0.9423076923076923
cohort2_dragen,20,20,62,52,52,46,6,0.8846153846153846,49,3,0.9423076923076923,0,51,0.9807692307692307
cohort2_dragen,20,21,63,52,52,43,8,0.8269230769230769,47,4,0.9038461538461539,1,50,0.9615384615384616
cohort2_dragen,20,22,64,52,52,45,7,0.8653846153846154,48,4,0.9230769230769231,0,51,0.9807692307692307
cohort2_dragen,20,23,65,52,52,44,8,0.8461538461538461,48,4,0.9230769230769231,0,51,0.9807692307692307
cohort2_dragen,20,24,66,52,52,43,9,0.8269230769230769,48,4,0.9230769230769231,0,51,0.9807692307692307
cohort2_dragen,20,25,67,52,52,46,6,0.8846153846153846,49,3,0.9423076923076923,0,51,0.9807692307692307
cohort2_dragen,20,26,68,52,52,45,7,0.8653846153846154,49,3,0.9423076923076923,0,51,0.9807692307692307
cohort2_dragen,20,27,69,52,52,45,7,0.8653846153846154,49,3,0.9423076923076923,0,51,0.9807692307692307
cohort2_dragen,20,28,70,52,52,45,7,0.8653846153846154,48,4,0.9230769230769231,0,51,0.9807692307692307
cohort2_dragen,20,29,71,52,52,45,7,0.8653846153846154,48,4,0.9230769230769231,0,51,0.9807692307692307
