Sample_ID,Coriell_ID,Genotype,Phenotype,Pop,Superpop
HG00097,HG00097,*4/*1,Intermediate Metabolizer,GBR,EUR
HG00099,HG00099,*1/*5,Intermediate Metabolizer,GBR,EUR
HG00126,HG00126,*1/*2,Normal Metabolizer,GBR,EUR
HG00128,HG00128,*3/*1,Intermediate Metabolizer,GBR,EUR
HG00133,HG00133,*1/*1,Normal Metabolizer,GBR,EUR
HG00140,HG00140,*9/*4,Indeterminate,GBR,EUR
HG00146,HG00146,*1/*4,Indeterminate,GBR,EUR
HG00232,HG00232,*1/*35,Normal Metabolizer,GBR,EUR
HG00235,HG00235,*4/*4,Indeterminate,GBR,EUR
HG00253,HG00253,*1/*1,Normal Metabolizer,GBR,EUR
HG00272,HG00272,*1+*1/*1,Normal Metabolizer,FIN,EUR
HG00280,HG00280,*2/*41,Normal Metabolizer,FIN,EUR
HG00290,HG00290,*13+*2/*1,Normal Metabolizer,FIN,EUR
HG00320,HG00320,*2+*2/*2,Ultrarapid Metabolizer,FIN,EUR
HG00321,HG00321,*2/*3,Intermediate Metabolizer,FIN,EUR
HG00323,HG00323,*2/*4,Indeterminate,FIN,EUR
HG00329,HG00329,*2/*1,Normal Metabolizer,FIN,EUR
HG00344,HG00344,*41/*1,Normal Metabolizer,FIN,EUR
HG00350,HG00350,*1/*1,Normal Metabolizer,FIN,EUR
HG00408,HG00408,*10+*36/*10,Intermediate Metabolizer,CHS,EAS
HG00423,HG00423,*10/*10+*10,Intermediate Metabolizer,CHS,EAS
HG00438,HG00438,*10+*36+*36/*71,Indeterminate,CHS,EAS
HG00544,HG00544,*1/*10+*36,Normal Metabolizer,CHS,EAS
HG00558,HG00558,*10+*36/*1,Normal Metabolizer,CHS,EAS
HG00597,HG00597,*49/*10+*36+*36+*83,Indeterminate,CHS,EAS
HG00609,HG00609,*10+*36/*49,Intermediate Metabolizer,CHS,EAS
HG00621,HG00621,*5/*49,Intermediate Metabolizer,CHS,EAS
HG00639,HG00639,*1/*1,Normal Metabolizer,PUR,AMR
HG00642,HG00642,*2/*1,Normal Metabolizer,PUR,AMR
HG00658,HG00658,*10+*36/*10+*36+*36,Intermediate Metabolizer,CHS,EAS
HG00673,HG00673,*1/*10,Normal Metabolizer,CHS,EAS
HG00706,HG00706,*1/*1,Normal Metabolizer,CHS,EAS
HG00733,HG00733,*41/*4+*68,Intermediate Metabolizer,PUR,AMR
HG00735,HG00735,*4/*1,Indeterminate,PUR,AMR
HG00738,HG00738,*1/*4,Intermediate Metabolizer,PUR,AMR
HG00741,HG00741,*2/*1,Normal Metabolizer,PUR,AMR
HG01071,HG01071,*41/*4,Intermediate Metabolizer,PUR,AMR
HG01074,HG01074,*4/*178,Indeterminate,PUR,AMR
HG01081,HG01081,*2/*1,Normal Metabolizer,PUR,AMR
HG01099,HG01099,*41/*31,Intermediate Metabolizer,PUR,AMR
HG01106,HG01106,*35/*4,Intermediate Metabolizer,PUR,AMR
HG01109,HG01109,*106/*41,Indeterminate,PUR,AMR
HG01123,HG01123,*2/*1,Normal Metabolizer,CLM,AMR
HG01150,HG01150,*178/*2,Indeterminate,CLM,AMR
HG01167,HG01167,*41/*1,Normal Metabolizer,PUR,AMR
HG01175,HG01175,*41/*41,Intermediate Metabolizer,PUR,AMR
HG01192,HG01192,*41/*5,Intermediate Metabolizer,PUR,AMR
HG01243,HG01243,*5/*1,Intermediate Metabolizer,PUR,AMR
HG01252,HG01252,*2/*1,Normal Metabolizer,CLM,AMR
HG01255,HG01255,*41/*2,Normal Metabolizer,CLM,AMR
HG01258,HG01258,*2/*4+*68+*68,Indeterminate,CLM,AMR
HG01261,HG01261,*1/*5,Intermediate Metabolizer,CLM,AMR
HG01346,HG01346,*6/*41,Intermediate Metabolizer,CLM,AMR
HG01358,HG01358,*1/*1,Normal Metabolizer,CLM,AMR
HG01361,HG01361,*1/*4,Intermediate Metabolizer,CLM,AMR
HG01433,HG01433,*4/*1,Indeterminate,CLM,AMR
HG01496,HG01496,*2/*43+*43,Indeterminate,CLM,AMR
HG01530,HG01530,*2/*10,Normal Metabolizer,IBS,EUR
HG01784,HG01784,*4+*68/*1,Indeterminate,IBS,EUR
HG01786,HG01786,*41/*1,Normal Metabolizer,IBS,EUR
HG01884,HG01884,*1/*2,Normal Metabolizer,ACB,AFR
HG01891,HG01891,*29/*5,Intermediate Metabolizer,ACB,AFR
HG01928,HG01928,*1/*1,Normal Metabolizer,PEL,AMR
HG01934,HG01934,*17/*2,Normal Metabolizer,PEL,AMR
HG01940,HG01940,*1/*1,Normal Metabolizer,PEL,AMR
HG01943,HG01943,*1/*2,Normal Metabolizer,PEL,AMR
HG01952,HG01952,*1/*4,Intermediate Metabolizer,PEL,AMR
HG01960,HG01960,*10/*1,Normal Metabolizer,ACB,AFR
HG01969,HG01969,*1/*2,Normal Metabolizer,PEL,AMR
HG01975,HG01975,*1/*1,Normal Metabolizer,PEL,AMR
HG01978,HG01978,*1/*1,Normal Metabolizer,PEL,AMR
HG01981,HG01981,*1/*2,Normal Metabolizer,PEL,AMR
HG01993,HG01993,*1/*1,Normal Metabolizer,PEL,AMR
HG02004,HG02004,*1/*2,Normal Metabolizer,PEL,AMR
HG02015,HG02015,*10/*10+*36,Intermediate Metabolizer,KHV,EAS
HG02027,HG02027,*10+*36/*14,Intermediate Metabolizer,KHV,EAS
HG02040,HG02040,*10+*36/*10+*36,Intermediate Metabolizer,KHV,EAS
HG02055,HG02055,*1/*1,Normal Metabolizer,ACB,AFR
HG02056,HG02056,*10+*36/*10+*36,Intermediate Metabolizer,KHV,EAS
HG02071,HG02071,*10+*36/*2,Normal Metabolizer,KHV,EAS
HG02074,HG02074,*10+*36/*10+*36,Intermediate Metabolizer,KHV,EAS
HG02080,HG02080,*10/*2,Normal Metabolizer,KHV,EAS
HG02083,HG02083,*10+*36+*36/*10+*36,Intermediate Metabolizer,KHV,EAS
HG02109,HG02109,*45/*1,Normal Metabolizer,ACB,AFR
HG02129,HG02129,*1/*10+*36,Normal Metabolizer,KHV,EAS
HG02132,HG02132,*10+*36/*10+*36,Intermediate Metabolizer,KHV,EAS
HG02135,HG02135,*10+*36/*10+*36,Intermediate Metabolizer,KHV,EAS
HG02145,HG02145,*5/*84,Indeterminate,ACB,AFR
HG02148,HG02148,*1/*2,Normal Metabolizer,PEL,AMR
HG02155,HG02155,*10+*36/*10+*36+*36,Intermediate Metabolizer,CDX,EAS
HG02165,HG02165,*1+*1/*1,Ultrarapid Metabolizer,CDX,EAS
HG02178,HG02178,*10+*36+*36/*1,Normal Metabolizer,CDX,EAS
HG02257,HG02257,*35/*2,Normal Metabolizer,ACB,AFR
HG02258,HG02258,*17+*17/*1,Normal Metabolizer,ACB,AFR
HG02273,HG02273,*1/*1,Normal Metabolizer,PEL,AMR
HG02280,HG02280,*17/*17,Intermediate Metabolizer,ACB,AFR
HG02293,HG02293,*2/*1,Normal Metabolizer,PEL,AMR
HG02300,HG02300,*2/*5,Intermediate Metabolizer,PEL,AMR
HG02391,HG02391,*10/*10,Intermediate Metabolizer,CDX,EAS
HG02392,HG02392,*1/*10,Normal Metabolizer,CDX,EAS
HG02451,HG02451,*17/*1,Normal Metabolizer,ACB,AFR
HG02486,HG02486,*2/*29,Normal Metabolizer,ACB,AFR
HG02514,HG02514,*10+*36+*36/*1,Normal Metabolizer,KHV,EAS
HG02523,HG02523,*5/*1,Intermediate Metabolizer,KHV,EAS
HG02559,HG02559,*27/*2,Normal Metabolizer,ACB,AFR
HG02572,HG02572,*1/*152,Indeterminate,GWD,AFR
HG02583,HG02583,*1/*2,Normal Metabolizer,GWD,AFR
HG02602,HG02602,*2/*5,Intermediate Metabolizer,PJL,SAS
HG02615,HG02615,*1/*1,Normal Metabolizer,GWD,AFR
HG02622,HG02622,*46/*17,Normal Metabolizer,GWD,AFR
HG02630,HG02630,*1/*46,Normal Metabolizer,GWD,AFR
HG02647,HG02647,*4+*4/*17,Intermediate Metabolizer,GWD,AFR
HG02668,HG02668,*17/*1,Normal Metabolizer,GWD,AFR
HG02698,HG02698,*41/*4,Indeterminate,PJL,SAS
HG02717,HG02717,*1/*1,Normal Metabolizer,GWD,AFR
HG02723,HG02723,*2/*17,Normal Metabolizer,GWD,AFR
HG02735,HG02735,*1/*1,Normal Metabolizer,PJL,SAS
HG02738,HG02738,*6/*41,Intermediate Metabolizer,PJL,SAS
HG02809,HG02809,*1/*155,Indeterminate,GWD,AFR
HG02818,HG02818,*2/*1,Normal Metabolizer,GWD,AFR
HG02841,HG02841,*17/*2,Normal Metabolizer,GWD,AFR
HG02886,HG02886,*4/*1,Intermediate Metabolizer,GWD,AFR
HG02922,HG02922,*17/*17,Intermediate Metabolizer,ESN,AFR
HG02965,HG02965,*17/*4+*4,Intermediate Metabolizer,ESN,AFR
HG02976,HG02976,*1/*17,Normal Metabolizer,ESN,AFR
HG02984,HG02984,*2/*4,Indeterminate,GWD,AFR
HG03017,HG03017,*1/*2,Normal Metabolizer,PJL,SAS
HG03041,HG03041,*17/*29,Intermediate Metabolizer,GWD,AFR
HG03050,HG03050,*29/*1,Normal Metabolizer,GWD,AFR
HG03098,HG03098,*2/*29,Normal Metabolizer,MSL,AFR
HG03130,HG03130,*29/*17,Intermediate Metabolizer,ESN,AFR
HG03139,HG03139,*17/*2+*2,Ultrarapid Metabolizer,ESN,AFR
HG03195,HG03195,*29/*1,Normal Metabolizer,ESN,AFR
HG03209,HG03209,*2/*2,Normal Metabolizer,MSL,AFR
HG03225,HG03225,*56/*5,Poor Metabolizer,MSL,AFR
HG03239,HG03239,*5/*1,Intermediate Metabolizer,PJL,SAS
HG03270,HG03270,*4/*17,Intermediate Metabolizer,ESN,AFR
HG03369,HG03369,*17/*2,Normal Metabolizer,ESN,AFR
HG03453,HG03453,*29/*1,Normal Metabolizer,MSL,AFR
HG03470,HG03470,*2/*4+*164,Indeterminate,MSL,AFR
HG03471,HG03471,*162/*29,Indeterminate,MSL,AFR
HG03486,HG03486,*1/*17,Normal Metabolizer,MSL,AFR
HG03492,HG03492,*2/*41,Normal Metabolizer,PJL,SAS
HG03516,HG03516,*17/*2,Normal Metabolizer,ESN,AFR
HG03521,HG03521,*40/*1,Intermediate Metabolizer,ESN,AFR
HG03540,HG03540,*17/*2+*2,Ultrarapid Metabolizer,GWD,AFR
HG03579,HG03579,*2/*1,Normal Metabolizer,MSL,AFR
HG03583,HG03583,*17/*4+*4,Intermediate Metabolizer,MSL,AFR
HG03654,HG03654,*2/*2,Normal Metabolizer,PJL,SAS
HG03669,HG03669,*39/*1,Normal Metabolizer,PJL,SAS
HG03688,HG03688,*1/*1,Normal Metabolizer,STU,SAS
HG03704,HG03704,*99/*1,Intermediate Metabolizer,PJL,SAS
HG03710,HG03710,*1/*2,Normal Metabolizer,PJL,SAS
HG03742,HG03742,*4/*4,Poor Metabolizer,ITU,SAS
HG03784,HG03784,*1/*2,Normal Metabolizer,ITU,SAS
HG03804,HG03804,*10/*1,Normal Metabolizer,BEB,SAS
HG03816,HG03816,*10/*10+*36,Intermediate Metabolizer,BEB,SAS
HG03831,HG03831,*1/*1,Normal Metabolizer,BEB,SAS
HG03834,HG03834,*1+*1/*4,Indeterminate,BEB,SAS
HG03874,HG03874,*41/*10+*36,Intermediate Metabolizer,ITU,SAS
HG03927,HG03927,*2/*1,Normal Metabolizer,BEB,SAS
HG03942,HG03942,*2/*1,Normal Metabolizer,BEB,SAS
HG04115,HG04115,*1/*1,Normal Metabolizer,STU,SAS
HG04157,HG04157,*43/*1,Indeterminate,BEB,SAS
HG04160,HG04160,*2/*41,Normal Metabolizer,BEB,SAS
HG04184,HG04184,*10/*41,Intermediate Metabolizer,BEB,SAS
HG04187,HG04187,*1/*1,Normal Metabolizer,BEB,SAS
HG04199,HG04199,*1/*2,Normal Metabolizer,STU,SAS
HG04204,HG04204,*1/*1,Normal Metabolizer,STU,SAS
HG04228,HG04228,*43/*1,Indeterminate,STU,SAS
HG06807,HG06807,*2/*4+*4,Intermediate Metabolizer,African American,AFR
NA18505,NA18505,*45/*1,Normal Metabolizer,YRI,AFR
NA18508,NA18508,*2/*5,Intermediate Metabolizer,YRI,AFR
NA18522,NA18522,*106/*1,Indeterminate,YRI,AFR
NA18565,NA18565,*10+*36/*36,Intermediate Metabolizer,CHB,EAS
NA18570,NA18570,*1/*1,Normal Metabolizer,CHB,EAS
NA18608,NA18608,*1/*1,Normal Metabolizer,CHB,EAS
NA18620,NA18620,*1/*1,Normal Metabolizer,CHB,EAS
NA18747,NA18747,*1/*10+*36,Normal Metabolizer,CHB,EAS
NA18879,NA18879,*45/*29,Normal Metabolizer,YRI,AFR
NA18906,NA18906,*17/*125,Indeterminate,YRI,AFR
NA18940,NA18940,*1/*10,Normal Metabolizer,JPT,EAS
NA18943,NA18943,*1/*1,Normal Metabolizer,JPT,EAS
NA18944,NA18944,*10+*36/*10+*36,Intermediate Metabolizer,JPT,EAS
NA18945,NA18945,*1/*5,Intermediate Metabolizer,JPT,EAS
NA18948,NA18948,*10+*36/*10+*36,Intermediate Metabolizer,JPT,EAS
NA18952,NA18952,*2/*2,Normal Metabolizer,JPT,EAS
NA18959,NA18959,*10+*36/*2,Normal Metabolizer,JPT,EAS
NA18960,NA18960,*10+*36/*10+*36,Intermediate Metabolizer,JPT,EAS
NA18967,NA18967,*1/*10+*36,Normal Metabolizer,JPT,EAS
NA18970,NA18970,*10+*36/*1,Normal Metabolizer,JPT,EAS
NA18971,NA18971,*1/*10,Normal Metabolizer,JPT,EAS
NA18974,NA18974,*2/*5,Intermediate Metabolizer,JPT,EAS
NA18976,NA18976,*10+*36/*1,Normal Metabolizer,JPT,EAS
NA18982,NA18982,*5/*1,Intermediate Metabolizer,JPT,EAS
NA18983,NA18983,*1/*1,Normal Metabolizer,JPT,EAS
NA19036,NA19036,*5/*17,Intermediate Metabolizer,LWK,AFR
NA19043,NA19043,*1/*1,Normal Metabolizer,LWK,AFR
NA19087,NA19087,*5/*1,Intermediate Metabolizer,JPT,EAS
NA19159,NA19159,*17/*2,Normal Metabolizer,YRI,AFR
NA19185,NA19185,*1/*29,Normal Metabolizer,YRI,AFR
NA19240,NA19240,*17/*15,Intermediate Metabolizer,YRI,AFR
NA19338,NA19338,*5/*2,Intermediate Metabolizer,LWK,AFR
NA19391,NA19391,*2/*27,Normal Metabolizer,LWK,AFR
NA19443,NA19443,*17/*17,Intermediate Metabolizer,LWK,AFR
NA19468,NA19468,*161/*1,Intermediate Metabolizer,LWK,AFR
NA19682,NA19682,*10/*1,Normal Metabolizer,MXL,AMR
NA19700,NA19700,*4/*29,Intermediate Metabolizer,ASW,AFR
NA19776,NA19776,*1/*10+*36,Normal Metabolizer,MXL,AMR
NA19835,NA19835,*1/*45,Normal Metabolizer,ASW,AFR
NA19909,NA19909,*4+*4/*1,Intermediate Metabolizer,ASW,AFR
NA20129,NA20129,*5/*4+*4,Poor Metabolizer,ASW,AFR
NA20282,NA20282,*2/*4,Indeterminate,ASW,AFR
NA20346,NA20346,*17/*2,Normal Metabolizer,ASW,AFR
NA20503,NA20503,*1/*4,Intermediate Metabolizer,TSI,EUR
NA20752,NA20752,*1/*4,Indeterminate,TSI,EUR
NA20762,NA20762,*2/*41,Normal Metabolizer,TSI,EUR
NA20799,NA20799,*41/*1,Normal Metabolizer,TSI,EUR
NA20805,NA20805,*35/*4+*68,Indeterminate,TSI,EUR
NA20806,NA20806,*35/*4,Intermediate Metabolizer,TSI,EUR
NA20809,NA20809,*1/*9,Normal Metabolizer,TSI,EUR
NA20827,NA20827,*4+*68/*28,Indeterminate,TSI,EUR
NA20850,NA20850,*2/*1,Normal Metabolizer,GIH,SAS
NA20870,NA20870,*1/*7,Intermediate Metabolizer,GIH,SAS
NA20905,NA20905,*1/*1,Normal Metabolizer,GIH,SAS
NA21093,NA21093,*2/*2,Normal Metabolizer,GIH,SAS
NA21102,NA21102,*1/*1,Normal Metabolizer,GIH,SAS
NA21106,NA21106,*1/*2,Normal Metabolizer,GIH,SAS
NA21110,NA21110,*1/*2,Normal Metabolizer,GIH,SAS
NA21144,NA21144,*1/*2,Normal Metabolizer,GIH,SAS
NA21309,NA21309,*29/*5,Intermediate Metabolizer,MKK,AFR
HG002,NA24385,*2/*4,Indeterminate,ASJ,EUR
HG005,NA24631,*49/*10+*36,Intermediate Metabolizer,CHB,EAS
